Rank,Team,Years,PTS,win_rate,G,GA,xG,xGA,Value totale,Value attaque,Value défense
1,Bayern Munich,2014,79,0.735,80,18,66.21,21.94,575,167.8,126.625
1,Bayern Munich,2015,88,0.824,80,17,77.04,20.79,596,201.3,114.062
1,Bayern Munich,2016,82,0.735,89,22,73.91,27.04,562,173.4,118.25
1,Bayern Munich,2017,84,0.794,92,28,76.55,30.64,811,212.0,157.375
1,Bayern Munich,2018,78,0.706,88,32,92.24,27.41,784,214.2,149.375
1,Bayern Munich,2019,82,0.765,100,32,92.85,36.47,777,195.3,183.438
1,Bayern Munich,2020,78,0.706,99,44,75.93,38.87,858,270.7,189.438
2,Wolfsburg,2014,69,0.588,72,38,58.35,38.82,221,47.8,47.125
8,Wolfsburg,2015,45,0.353,47,49,49.49,41.62,270,71.8,44.125
16,Wolfsburg,2016,37,0.294,34,52,44.47,46.85,203,73.1,37.938
16,Wolfsburg,2017,33,0.176,36,48,32.11,49.43,143,39.2,31.875
6,Wolfsburg,2018,55,0.471,62,50,49.49,49.84,229,73.6,46.875
7,Wolfsburg,2019,49,0.382,48,46,54.43,41.91,207,58.1,51.562
4,Wolfsburg,2020,61,0.5,61,37,51.59,39.16,256,63.1,72.562
3,Borussia M.Gladbach,2014,66,0.559,53,26,51.74,36.34,130,51.4,22.875
4,Borussia M.Gladbach,2015,55,0.5,67,50,53.67,49.07,186,61.6,38.75
9,Borussia M.Gladbach,2016,45,0.353,45,49,45.82,44.44,162,52.1,38.812
9,Borussia M.Gladbach,2017,47,0.382,47,52,51.25,52.09,193,62.7,45.562
5,Borussia M.Gladbach,2018,55,0.471,55,42,54.93,52.87,264,88.3,55.688
4,Borussia M.Gladbach,2019,65,0.588,66,40,73.58,46.05,254,72.9,60.812
8,Borussia M.Gladbach,2020,49,0.382,64,56,54.11,44.71,300,87.9,69.188
4,Bayer Leverkusen,2014,61,0.5,62,37,49.16,34.72,177,41.2,36.25
3,Bayer Leverkusen,2015,60,0.529,56,40,52.91,41.24,241,65.0,51.5
12,Bayer Leverkusen,2016,41,0.324,53,55,53.1,50.38,265,65.5,63.188
5,Bayer Leverkusen,2017,55,0.441,58,44,56.98,36.92,357,97.3,71.438
4,Bayer Leverkusen,2018,58,0.529,69,52,61.49,45.71,429,114.0,86.125
5,Bayer Leverkusen,2019,63,0.559,61,44,61.88,49.68,398,116.4,70.5
6,Bayer Leverkusen,2020,52,0.412,53,39,47.28,40.41,373,127.2,74.75
5,Augsburg,2014,49,0.441,43,43,43.91,46.66,50,14.9,10.438
12,Augsburg,2015,38,0.265,42,52,42.39,55.65,75,19.8,21.375
13,Augsburg,2016,38,0.265,35,51,33.88,52.26,65,15.8,18.875
12,Augsburg,2017,41,0.294,43,46,42.26,40.82,100,27.1,30.812
15,Augsburg,2018,32,0.235,51,71,47.44,63.79,139,37.9,43.938
14,Augsburg,2019,36,0.265,45,63,43.86,59.12,112,33.9,31.688
13,Augsburg,2020,36,0.294,36,54,36.01,57.15,93,27.5,24.688
6,Schalke 04,2014,48,0.382,42,40,41.26,46.96,211,60.8,52.625
5,Schalke 04,2015,52,0.441,51,49,47.13,47.88,225,59.8,50.5
10,Schalke 04,2016,43,0.324,45,40,44.86,43.87,217,52.8,50.0
2,Schalke 04,2017,63,0.529,53,37,46.83,39.42,274,67.0,50.125
14,Schalke 04,2018,33,0.235,37,55,46.62,51.94,221,61.7,37.688
12,Schalke 04,2019,39,0.265,38,58,35.93,54.22,221,41.8,55.75
18,Schalke 04,2020,16,0.088,25,86,27.66,70.66,123,23.1,36.812
7,Borussia Dortmund,2014,46,0.382,47,42,53.86,33.4,319,61.4,79.375
2,Borussia Dortmund,2015,78,0.706,82,34,83.41,29.18,352,68.8,77.5
3,Borussia Dortmund,2016,64,0.529,72,40,74.91,34.61,390,134.3,71.688
4,Borussia Dortmund,2017,55,0.441,64,47,66.1,40.86,574,268.3,81.562
2,Borussia Dortmund,2018,76,0.676,81,44,64.99,42.88,643,221.0,130.5
2,Borussia Dortmund,2019,69,0.618,84,41,64.26,42.02,654,231.3,130.688
3,Borussia Dortmund,2020,64,0.588,75,46,68.95,39.44,628,247.2,93.875
8,Hoffenheim,2014,44,0.353,49,55,49.96,50.0,121,53.8,15.875
15,Hoffenheim,2015,37,0.265,39,54,39.55,60.41,90,32.9,18.688
4,Hoffenheim,2016,62,0.471,64,37,54.5,41.44,138,33.2,34.875
3,Hoffenheim,2017,55,0.441,66,48,50.72,45.2,212,70.5,43.562
9,Hoffenheim,2018,51,0.382,70,52,79.95,53.29,336,107.4,71.0
6,Hoffenheim,2019,52,0.441,53,53,56.66,58.75,226,85.8,38.0
11,Hoffenheim,2020,43,0.324,52,54,50.32,52.88,228,74.0,36.375
9,Eintracht Frankfurt,2014,43,0.324,56,62,47.37,55.04,74,16.1,15.938
16,Eintracht Frankfurt,2015,36,0.265,34,52,32.95,54.31,76,17.3,16.688
11,Eintracht Frankfurt,2016,42,0.324,36,43,43.59,38.33,72,14.3,18.938
8,Eintracht Frankfurt,2017,49,0.412,45,45,41.06,40.91,126,37.4,24.875
7,Eintracht Frankfurt,2018,54,0.441,60,48,61.84,51.02,313,123.7,62.812
9,Eintracht Frankfurt,2019,45,0.382,59,60,58.33,50.93,208,57.2,43.0
5,Eintracht Frankfurt,2020,60,0.471,69,53,60.53,47.73,269,72.9,54.188
10,Werder Bremen,2014,43,0.324,50,65,42.67,52.38,67,21.1,13.562
13,Werder Bremen,2015,38,0.294,50,65,50.12,51.8,64,13.3,16.812
8,Werder Bremen,2016,45,0.382,61,64,42.99,60.55,89,33.9,13.938
11,Werder Bremen,2017,42,0.294,37,40,38.51,43.47,107,31.4,19.625
8,Werder Bremen,2018,53,0.412,58,49,49.36,56.71,168,52.8,24.375
16,Werder Bremen,2019,31,0.235,42,69,37.74,56.94,135,49.1,24.312
17,Werder Bremen,2020,31,0.206,36,57,32.51,53.7,111,31.3,20.938
11,Mainz 05,2014,40,0.265,45,47,43.91,48.11,88,24.8,15.375
6,Mainz 05,2015,50,0.412,46,42,47.91,47.27,85,22.9,16.562
15,Mainz 05,2016,37,0.294,44,55,42.36,43.23,96,34.3,16.062
14,Mainz 05,2017,36,0.265,38,52,31.65,45.18,98,24.6,21.5
12,Mainz 05,2018,43,0.353,46,57,49.21,62.8,159,39.1,36.062
13,Mainz 05,2019,37,0.324,44,65,46.19,62.9,121,34.1,31.312
12,Mainz 05,2020,39,0.294,39,56,48.46,52.2,163,31.0,51.125
12,FC Cologne,2014,40,0.265,34,40,32.22,40.52,50,9.3,14.562
9,FC Cologne,2015,43,0.294,38,42,42.87,44.43,68,12.2,15.125
5,FC Cologne,2016,49,0.353,51,42,45.34,41.27,116,30.2,22.625
18,FC Cologne,2017,22,0.147,35,70,41.5,67.17,91,17.1,22.438
15,FC Cologne,2019,36,0.294,51,69,49.28,54.54,98,26.6,20.75
16,FC Cologne,2020,33,0.235,34,60,39.64,53.18,118,36.9,21.938
13,Hannover 96,2014,37,0.265,40,56,36.43,46.28,76,18.1,17.562
18,Hannover 96,2015,25,0.206,31,62,32.43,63.58,60,14.2,14.375
13,Hannover 96,2017,39,0.294,44,54,41.22,54.36,92,28.3,28.438
17,Hannover 96,2018,21,0.147,31,71,34.81,73.12,91,30.9,20.812
14,VfB Stuttgart,2014,36,0.265,42,60,45.64,48.1,86,22.3,18.188
17,VfB Stuttgart,2015,33,0.265,50,75,57.7,65.06,81,19.3,15.812
7,VfB Stuttgart,2017,51,0.441,36,36,37.91,39.35,134,28.2,40.625
16,VfB Stuttgart,2018,28,0.206,32,70,37.38,62.7,143,16.3,52.688
9,VfB Stuttgart,2020,45,0.353,56,55,52.18,53.79,189,49.4,34.0
15,Hertha Berlin,2014,35,0.265,36,52,32.66,46.2,66,12.9,16.438
7,Hertha Berlin,2015,50,0.412,42,42,35.9,43.94,78,13.1,23.438
6,Hertha Berlin,2016,49,0.441,43,47,38.15,49.39,96,12.5,34.062
10,Hertha Berlin,2017,43,0.294,43,46,38.58,44.71,131,23.7,43.312
11,Hertha Berlin,2018,43,0.324,49,57,50.52,61.58,207,42.9,52.562
10,Hertha Berlin,2019,41,0.324,48,59,44.3,55.58,217,79.7,42.062
14,Hertha Berlin,2020,35,0.235,41,52,40.71,46.69,228,80.2,44.125
16,Hamburger SV,2014,35,0.265,25,50,32.86,55.83,87,19.9,17.812
10,Hamburger SV,2015,41,0.324,40,46,38.75,51.19,63,19.8,10.5
14,Hamburger SV,2016,38,0.294,33,61,31.91,57.14,80,14.6,19.375
17,Hamburger SV,2017,31,0.235,29,53,36.04,54.06,62,14.9,14.188
17,Freiburg,2014,34,0.206,36,47,38.69,45.91,57,12.6,15.25
7,Freiburg,2016,48,0.412,42,60,39.41,54.62,86,31.5,16.688
15,Freiburg,2017,36,0.235,32,56,36.98,45.66,100,22.0,31.375
13,Freiburg,2018,36,0.235,46,61,41.23,61.43,122,38.3,29.438
8,Freiburg,2019,48,0.382,48,47,46.14,63.37,122,35.9,36.312
10,Freiburg,2020,45,0.353,52,52,45.11,52.98,138,42.3,32.688
18,Paderborn,2014,31,0.206,31,65,36.08,55.77,28,9.5,5.562
18,Paderborn,2019,20,0.118,37,74,38.47,67.83,28,8.0,5.75
11,Ingolstadt,2015,40,0.294,33,42,41.02,45.82,35,9.9,7.188
17,Ingolstadt,2016,32,0.235,36,57,44.51,49.19,38,11.4,8.375
14,Darmstadt,2015,38,0.265,38,53,39.03,51.06,25,3.9,7.062
18,Darmstadt,2016,25,0.206,28,63,33.91,68.04,26,5.6,5.75
2,RasenBallsport Leipzig,2016,67,0.588,66,39,55.09,40.06,176,63.2,30.25
6,RasenBallsport Leipzig,2017,53,0.441,57,53,51.42,47.42,373,133.1,60.188
3,RasenBallsport Leipzig,2018,66,0.559,63,29,68.25,39.65,479,145.9,117.062
3,RasenBallsport Leipzig,2019,66,0.529,81,37,76.13,37.58,570,152.4,139.5
2,RasenBallsport Leipzig,2020,65,0.559,60,32,67.14,29.24,574,116.7,155.312
10,Fortuna Duesseldorf,2018,44,0.382,49,65,49.47,63.06,94,40.0,18.625
17,Fortuna Duesseldorf,2019,30,0.176,36,67,35.69,64.45,71,13.6,17.375
18,Nuernberg,2018,19,0.088,26,68,35.37,54.8,54,17.2,9.5
11,Union Berlin,2019,41,0.353,41,58,41.58,54.94,41,12.4,9.0
7,Union Berlin,2020,50,0.353,50,43,46.0,43.51,82,22.4,23.25
15,Arminia Bielefeld,2020,35,0.265,26,52,31.14,58.98,56,12.3,12.562
